<?xml version="1.0" encoding="UTF-8"?>
<root>
  <item name="com.blankj.utilcode.util.ConvertUtils double byte2MemorySize(long, int) 1">
    <annotation name="android.support.annotation.IntDef">
      <val name="value" val="{com.blankj.utilcode.constant.MemoryConstants.BYTE, com.blankj.utilcode.constant.MemoryConstants.KB, com.blankj.utilcode.constant.MemoryConstants.MB, com.blankj.utilcode.constant.MemoryConstants.GB}" />
    </annotation>
  </item>
  <item name="com.blankj.utilcode.util.ConvertUtils long memorySize2Byte(long, int) 1">
    <annotation name="android.support.annotation.IntDef">
      <val name="value" val="{com.blankj.utilcode.constant.MemoryConstants.BYTE, com.blankj.utilcode.constant.MemoryConstants.KB, com.blankj.utilcode.constant.MemoryConstants.MB, com.blankj.utilcode.constant.MemoryConstants.GB}" />
    </annotation>
  </item>
  <item name="com.blankj.utilcode.util.ConvertUtils long millis2TimeSpan(long, int) 1">
    <annotation name="android.support.annotation.IntDef">
      <val name="value" val="{com.blankj.utilcode.constant.TimeConstants.MSEC, com.blankj.utilcode.constant.TimeConstants.SEC, com.blankj.utilcode.constant.TimeConstants.MIN, com.blankj.utilcode.constant.TimeConstants.HOUR, com.blankj.utilcode.constant.TimeConstants.DAY}" />
    </annotation>
  </item>
  <item name="com.blankj.utilcode.util.ConvertUtils long timeSpan2Millis(long, int) 1">
    <annotation name="android.support.annotation.IntDef">
      <val name="value" val="{com.blankj.utilcode.constant.TimeConstants.MSEC, com.blankj.utilcode.constant.TimeConstants.SEC, com.blankj.utilcode.constant.TimeConstants.MIN, com.blankj.utilcode.constant.TimeConstants.HOUR, com.blankj.utilcode.constant.TimeConstants.DAY}" />
    </annotation>
  </item>
  <item name="com.blankj.utilcode.util.LogUtils.Builder com.blankj.utilcode.util.LogUtils.Builder setLogFilter(int) 0">
    <annotation name="android.support.annotation.IntDef">
      <val name="value" val="{com.blankj.utilcode.util.LogUtils.V, com.blankj.utilcode.util.LogUtils.D, com.blankj.utilcode.util.LogUtils.I, com.blankj.utilcode.util.LogUtils.W, com.blankj.utilcode.util.LogUtils.E, com.blankj.utilcode.util.LogUtils.A}" />
    </annotation>
  </item>
  <item name="com.blankj.utilcode.util.LogUtils.TYPE">
    <annotation name="android.support.annotation.IntDef">
      <val name="value" val="{com.blankj.utilcode.util.LogUtils.V, com.blankj.utilcode.util.LogUtils.D, com.blankj.utilcode.util.LogUtils.I, com.blankj.utilcode.util.LogUtils.W, com.blankj.utilcode.util.LogUtils.E, com.blankj.utilcode.util.LogUtils.A}" />
    </annotation>
  </item>
  <item name="com.blankj.utilcode.util.ThreadPoolUtils ThreadPoolUtils(int, int) 0">
    <annotation name="android.support.annotation.IntDef">
      <val name="value" val="{com.blankj.utilcode.util.ThreadPoolUtils.FixedThread, com.blankj.utilcode.util.ThreadPoolUtils.CachedThread, com.blankj.utilcode.util.ThreadPoolUtils.SingleThread}" />
    </annotation>
  </item>
  <item name="com.blankj.utilcode.util.ThreadPoolUtils.Type">
    <annotation name="android.support.annotation.IntDef">
      <val name="value" val="{com.blankj.utilcode.util.ThreadPoolUtils.FixedThread, com.blankj.utilcode.util.ThreadPoolUtils.CachedThread, com.blankj.utilcode.util.ThreadPoolUtils.SingleThread}" />
    </annotation>
  </item>
  <item name="com.blankj.utilcode.util.TimeUtils long getTimeSpan(java.lang.String, java.lang.String, int) 2">
    <annotation name="android.support.annotation.IntDef">
      <val name="value" val="{com.blankj.utilcode.constant.TimeConstants.MSEC, com.blankj.utilcode.constant.TimeConstants.SEC, com.blankj.utilcode.constant.TimeConstants.MIN, com.blankj.utilcode.constant.TimeConstants.HOUR, com.blankj.utilcode.constant.TimeConstants.DAY}" />
    </annotation>
  </item>
  <item name="com.blankj.utilcode.util.TimeUtils long getTimeSpan(java.lang.String, java.lang.String, int, java.lang.String) 2">
    <annotation name="android.support.annotation.IntDef">
      <val name="value" val="{com.blankj.utilcode.constant.TimeConstants.MSEC, com.blankj.utilcode.constant.TimeConstants.SEC, com.blankj.utilcode.constant.TimeConstants.MIN, com.blankj.utilcode.constant.TimeConstants.HOUR, com.blankj.utilcode.constant.TimeConstants.DAY}" />
    </annotation>
  </item>
  <item name="com.blankj.utilcode.util.TimeUtils long getTimeSpan(java.util.Date, java.util.Date, int) 2">
    <annotation name="android.support.annotation.IntDef">
      <val name="value" val="{com.blankj.utilcode.constant.TimeConstants.MSEC, com.blankj.utilcode.constant.TimeConstants.SEC, com.blankj.utilcode.constant.TimeConstants.MIN, com.blankj.utilcode.constant.TimeConstants.HOUR, com.blankj.utilcode.constant.TimeConstants.DAY}" />
    </annotation>
  </item>
  <item name="com.blankj.utilcode.util.TimeUtils long getTimeSpan(long, long, int) 2">
    <annotation name="android.support.annotation.IntDef">
      <val name="value" val="{com.blankj.utilcode.constant.TimeConstants.MSEC, com.blankj.utilcode.constant.TimeConstants.SEC, com.blankj.utilcode.constant.TimeConstants.MIN, com.blankj.utilcode.constant.TimeConstants.HOUR, com.blankj.utilcode.constant.TimeConstants.DAY}" />
    </annotation>
  </item>
  <item name="com.blankj.utilcode.util.TimeUtils long getTimeSpanByNow(java.lang.String, int) 1">
    <annotation name="android.support.annotation.IntDef">
      <val name="value" val="{com.blankj.utilcode.constant.TimeConstants.MSEC, com.blankj.utilcode.constant.TimeConstants.SEC, com.blankj.utilcode.constant.TimeConstants.MIN, com.blankj.utilcode.constant.TimeConstants.HOUR, com.blankj.utilcode.constant.TimeConstants.DAY}" />
    </annotation>
  </item>
  <item name="com.blankj.utilcode.util.TimeUtils long getTimeSpanByNow(java.lang.String, int, java.lang.String) 1">
    <annotation name="android.support.annotation.IntDef">
      <val name="value" val="{com.blankj.utilcode.constant.TimeConstants.MSEC, com.blankj.utilcode.constant.TimeConstants.SEC, com.blankj.utilcode.constant.TimeConstants.MIN, com.blankj.utilcode.constant.TimeConstants.HOUR, com.blankj.utilcode.constant.TimeConstants.DAY}" />
    </annotation>
  </item>
  <item name="com.blankj.utilcode.util.TimeUtils long getTimeSpanByNow(java.util.Date, int) 1">
    <annotation name="android.support.annotation.IntDef">
      <val name="value" val="{com.blankj.utilcode.constant.TimeConstants.MSEC, com.blankj.utilcode.constant.TimeConstants.SEC, com.blankj.utilcode.constant.TimeConstants.MIN, com.blankj.utilcode.constant.TimeConstants.HOUR, com.blankj.utilcode.constant.TimeConstants.DAY}" />
    </annotation>
  </item>
  <item name="com.blankj.utilcode.util.TimeUtils long getTimeSpanByNow(long, int) 1">
    <annotation name="android.support.annotation.IntDef">
      <val name="value" val="{com.blankj.utilcode.constant.TimeConstants.MSEC, com.blankj.utilcode.constant.TimeConstants.SEC, com.blankj.utilcode.constant.TimeConstants.MIN, com.blankj.utilcode.constant.TimeConstants.HOUR, com.blankj.utilcode.constant.TimeConstants.DAY}" />
    </annotation>
  </item>
</root>

